source,pmid,title,journal,year,query,mentions_histidine,mentions_citric_acid,mentions_phosphate,mentions_acetate,mentions_succinate,mentions_sucrose,mentions_trehalose,mentions_mannitol,mentions_sorbitol,mentions_polysorbate_80,mentions_polysorbate_20,mentions_poloxamer_188,mentions_arginine,mentions_glycine,mentions_proline,mentions_methionine,mentions_sodium_chloride,mentions_edta,mentions_ascorbic_acid,studies_aggregation,studies_oxidation,studies_deamidation,studies_potency,studies_viscosity,studies_shelf_life,studies_lyophilized,studies_liquid,protein_monoclonal_antibody,protein_bispecific,protein_fusion_protein,protein_insulin,protein_growth_factor,protein_enzyme,protein_vaccine,ph_mentioned,positive_outcome,negative_outcome
PubMed,38937372,Stability of Protein Pharmaceuticals: Recent Advances.,Pharmaceutical research,2024,protein formulation stability excipient,0,0,0,0,0,0,0,0,0,0,0,0,0,0,0,0,0,0,0,0,0,0,0,0,0,0,0,1,0,0,0,0,0,0,,1,1
PubMed,35367584,Poloxamer 188 as surfactant in biological formulations - An alternative for polysorbate 20/80?,International journal of pharmaceutics,2022,protein formulation stability excipient,0,0,0,0,0,0,0,0,0,0,1,1,0,0,0,0,0,0,0,0,0,0,0,0,0,0,0,1,0,0,0,0,0,0,,1,1
PubMed,21855584,Protein-excipient interactions: mechanisms and biophysical characterization applied to protein formulation development.,Advanced drug delivery reviews,2012,protein formulation stability excipient,0,0,0,0,0,0,0,0,0,0,0,0,0,0,0,0,0,0,0,0,0,0,0,0,0,1,0,0,0,0,0,0,0,1,,1,0
PubMed,38944343,Leucine as a Moisture-Protective Excipient in Spray-Dried Protein/Trehalose Formulation.,Journal of pharmaceutical sciences,2024,protein formulation stability excipient,0,0,0,0,0,0,1,0,0,0,0,0,0,0,0,0,0,0,0,1,0,0,0,0,0,0,0,0,0,0,0,0,0,0,,1,0
PubMed,35978148,Formulation Excipients and Their Role in Insulin Stability and Association State in Formulation.,Pharmaceutical research,2022,protein formulation stability excipient,0,0,0,0,0,0,0,0,0,0,0,0,0,0,0,0,0,0,0,0,0,0,0,0,0,0,0,0,0,0,1,0,0,0,,1,0
PubMed,30940541,Antibody-drug conjugates- stability and formulation.,European journal of pharmaceutics and biopharmaceutics : official journal of Arbeitsgemeinschaft fur Pharmazeutische Verfahrenstechnik e.V,2019,protein formulation stability excipient,0,0,0,0,0,0,0,0,0,0,0,0,0,0,0,0,0,0,0,0,0,0,1,0,0,0,0,1,0,0,0,0,0,0,,0,0
PubMed,34096731,Understanding the Impact of Protein-Excipient Interactions on Physical Stability of Spray-Dried Protein Solids.,Molecular pharmaceutics,2022,protein formulation stability excipient,0,0,0,0,0,0,1,1,0,0,0,0,0,0,0,0,0,0,0,1,0,0,0,0,1,0,0,0,0,0,0,0,0,0,,1,0
PubMed,29183741,Arginine as an Excipient for Protein Freeze-Drying: A Mini Review.,Journal of pharmaceutical sciences,2018,protein formulation stability excipient,0,0,0,0,0,0,0,0,0,0,0,0,1,0,0,0,0,0,0,0,0,0,0,0,0,1,0,0,0,0,0,0,0,0,,1,0
PubMed,39013532,Histidine as a versatile excipient in the protein-based biopharmaceutical formulations.,International journal of pharmaceutics,2024,protein formulation stability excipient,1,0,0,0,0,1,1,0,0,0,0,0,0,0,0,0,0,0,0,0,0,0,0,1,0,0,0,1,0,0,0,0,0,0,6.0,1,1
PubMed,25858529,Advanced protein formulations.,Protein science : a publication of the Protein Society,2016,protein formulation stability excipient,0,0,0,0,0,0,0,0,0,0,0,0,0,0,0,0,0,0,0,1,0,0,0,1,0,1,0,0,0,0,0,0,0,0,,1,1
PubMed,19894257,Protein adsorption and excipient effects on kinetic stability of silicone oil emulsions.,Journal of pharmaceutical sciences,2010,protein formulation stability excipient,0,0,0,0,0,1,0,0,0,0,0,0,0,0,0,0,1,0,0,0,0,0,0,0,0,0,0,0,0,0,0,0,0,0,,1,0
PubMed,12436915,Protein formulation and fill-finish operations.,Biotechnology annual review,2003,protein formulation stability excipient,0,0,0,0,0,0,0,0,0,0,0,0,0,0,0,0,0,0,0,0,0,0,0,0,0,1,0,0,0,0,0,0,0,0,,0,1
PubMed,38155586,Probing the Protein-Excipient Interaction in the Orally Delivered Protein by Solid-State Hydrogen-Deuterium Exchange Mass Spectrometry and Molecular Dynamics.,Analytical chemistry,2024,protein formulation stability excipient,0,0,0,0,0,0,0,0,0,0,0,0,0,0,0,0,0,0,0,1,0,0,0,0,0,0,0,0,0,0,0,0,0,0,,1,0
PubMed,40392626,Storage and in-use stability of an excipient enhanced growth (EEG) synthetic lung surfactant powder formulation.,Drug development and industrial pharmacy,2025,protein formulation stability excipient,0,0,0,0,0,0,0,0,0,0,0,0,0,0,0,0,0,0,0,0,0,0,0,0,0,0,0,0,0,0,0,0,0,0,,1,0
PubMed,40490041,Protein stability and critical stabilizers in frozen solutions.,European journal of pharmaceutics and biopharmaceutics : official journal of Arbeitsgemeinschaft fur Pharmazeutische Verfahrenstechnik e.V,2025,protein formulation stability excipient,0,0,0,0,0,0,0,0,0,0,0,0,0,0,0,0,0,0,0,1,0,0,0,1,0,1,0,0,0,0,0,0,0,0,,1,0
PubMed,33333176,Effects of drying method and excipient on the structure and physical stability of protein solids: Freeze drying vs. spray freeze drying.,International journal of pharmaceutics,2021,protein formulation stability excipient,0,0,0,0,0,1,0,1,0,0,0,0,0,0,0,0,0,0,0,0,0,0,0,0,0,1,0,0,0,0,0,0,0,0,,0,1
PubMed,39009288,On the role of excipients in biopharmaceuticals manufacture: Modelling-guided formulation identifies the protective effect of arginine hydrochloride excipient on spray-dried Olipudase alfa recombinant protein.,International journal of pharmaceutics,2024,protein formulation stability excipient,0,0,0,0,0,1,1,0,0,0,0,0,1,0,0,1,0,0,0,1,0,0,0,0,0,1,0,0,0,0,0,0,1,0,,1,0
PubMed,31811896,"Brij-58, a potential injectable protein-stabilizer used in therapeutic protein formulation.",European journal of pharmaceutics and biopharmaceutics : official journal of Arbeitsgemeinschaft fur Pharmazeutische Verfahrenstechnik e.V,2020,protein formulation stability excipient,0,0,0,0,0,0,0,0,0,0,1,0,0,0,0,0,0,0,0,0,0,0,1,0,0,0,0,1,1,0,0,0,0,0,,1,1
PubMed,31575296,Protein drug delivery: current dosage form profile and formulation strategies.,Journal of drug targeting,2021,protein formulation stability excipient,0,0,0,0,0,0,0,0,0,0,0,0,0,0,0,0,0,0,0,0,0,0,0,0,1,1,0,0,0,0,0,0,0,0,,0,0
PubMed,28401430,Bilateral Effects of Excipients on Protein Stability: Preferential Interaction Type of Excipient and Surface Aromatic Hydrophobicity of Protein.,Pharmaceutical research,2018,protein formulation stability excipient,0,0,0,0,0,0,0,0,0,0,0,0,0,0,0,0,0,0,0,0,0,0,0,0,0,0,0,0,0,0,0,0,0,0,,0,0
PubMed,31900680,In Vivo Stability of Therapeutic Proteins.,Pharmaceutical research,2020,protein formulation stability excipient,0,0,0,0,0,0,0,0,0,0,0,0,0,0,0,0,0,0,0,0,0,0,0,0,1,0,0,0,0,0,0,0,0,0,,1,1
PubMed,35643368,Simplified choice of suitable excipients within biologics formulation design using protein-protein interaction- and water activity-maps.,European journal of pharmaceutics and biopharmaceutics : official journal of Arbeitsgemeinschaft fur Pharmazeutische Verfahrenstechnik e.V,2022,protein formulation stability excipient,1,0,0,0,0,0,1,0,0,0,0,0,1,0,0,0,0,0,0,0,0,0,0,0,1,0,0,1,0,0,0,0,0,0,,1,0
PubMed,28094996,Characterization of Protein-Excipient Microheterogeneity in Biopharmaceutical Solid-State Formulations by Confocal Fluorescence Microscopy.,Molecular pharmaceutics,2017,protein formulation stability excipient,0,0,0,0,0,0,0,0,0,0,0,0,0,0,0,0,0,0,0,1,0,0,0,0,0,1,0,1,0,0,0,0,0,0,,1,0
PubMed,39870255,Effect of formulation composition on trastuzumab stability.,International journal of pharmaceutics,2025,protein formulation stability excipient,0,0,0,0,0,1,1,0,1,0,0,0,0,0,0,0,0,0,0,1,0,0,0,0,0,1,0,1,0,0,0,0,0,0,,1,1
PubMed,40812595,Development of an excipient polarity screening tool for protein formulations via solvatochromism.,Journal of pharmaceutical sciences,2025,protein formulation stability excipient,0,0,0,0,0,0,0,0,0,0,0,0,0,0,0,0,0,0,0,0,0,0,0,0,0,0,0,0,0,0,0,0,0,0,,0,0
PubMed,31465737,Physicochemical Stability of Monoclonal Antibodies: A Review.,Journal of pharmaceutical sciences,2021,monoclonal antibody formulation aggregation,0,0,0,0,0,0,0,0,0,0,0,0,0,0,0,0,0,0,0,1,0,0,0,0,0,0,0,1,0,0,0,0,0,0,,0,1
PubMed,37909045,IgLM: Infilling language modeling for antibody sequence design.,Cell systems,2023,monoclonal antibody formulation aggregation,0,0,0,0,0,0,0,0,0,0,0,0,0,0,0,0,0,0,0,1,0,0,0,0,0,0,0,1,0,0,0,0,0,0,,1,0
PubMed,33157211,Monoclonal antibody formulation manufactured by high-speed electrospinning.,International journal of pharmaceutics,2021,monoclonal antibody formulation aggregation,0,0,0,0,0,0,0,0,0,0,0,0,0,0,0,0,0,0,0,1,0,0,1,0,1,0,1,1,0,0,0,0,0,0,,1,0
PubMed,39179400,Impact of NaCl on Monoclonal Antibody Aggregation Induced by Agitation.,PDA journal of pharmaceutical science and technology,2024,monoclonal antibody formulation aggregation,0,0,0,0,0,0,0,0,0,0,0,0,0,0,0,0,1,0,0,1,0,0,0,0,0,0,0,1,0,0,0,0,0,0,,1,1
PubMed,30142275,Submicron Aggregation of Chemically Denatured Monoclonal Antibody.,Molecular pharmaceutics,2019,monoclonal antibody formulation aggregation,0,0,0,0,0,0,0,0,0,0,0,0,0,0,0,0,0,0,0,1,0,0,0,0,0,0,0,1,0,0,0,0,0,0,,1,0
PubMed,31055138,Linking aggregation and interfacial properties in monoclonal antibody-surfactant formulations.,Journal of colloid and interface science,2019,monoclonal antibody formulation aggregation,0,0,0,0,0,0,0,0,0,0,1,1,0,0,0,0,0,0,0,1,0,0,0,0,0,0,0,1,0,0,0,0,0,0,,1,1
PubMed,37467528,Controlling monoclonal antibody aggregation during cell culture using medium additives facilitated by the monitoring of aggregation in cell culture matrix using size exclusion chromatography.,Journal of pharmaceutical and biomedical analysis,2023,monoclonal antibody formulation aggregation,0,0,0,0,0,1,0,1,0,1,1,0,0,0,0,0,0,0,0,1,0,0,0,0,0,0,0,1,0,0,0,0,0,0,,1,0
PubMed,31463609,Analytical Platform for Monitoring Aggregation of Monoclonal Antibody Therapeutics.,Pharmaceutical research,2019,monoclonal antibody formulation aggregation,0,0,0,0,0,0,0,0,0,0,0,0,0,0,0,0,0,0,0,1,0,0,0,0,0,0,0,1,0,0,0,0,0,0,,0,0
PubMed,37084889,Neutralisation of SARS-CoV-2 by monoclonal antibody through dual targeting powder formulation.,Journal of controlled release : official journal of the Controlled Release Society,2023,monoclonal antibody formulation aggregation,0,0,0,0,0,0,0,0,0,0,0,0,0,0,0,0,0,0,0,1,0,0,0,0,0,0,0,1,0,0,0,0,0,0,,1,1
PubMed,28593474,High Throughput Prediction Approach for Monoclonal Antibody Aggregation at High Concentration.,Pharmaceutical research,2018,monoclonal antibody formulation aggregation,0,0,0,0,0,0,0,0,0,0,0,0,0,0,0,0,0,0,0,1,0,0,0,0,0,0,0,1,0,0,0,0,0,0,,0,0
PubMed,19695370,Mechanically-induced aggregation of the monoclonal antibody cetuximab.,Annales pharmaceutiques francaises,2009,monoclonal antibody formulation aggregation,0,0,1,0,0,0,0,0,0,1,0,0,0,1,0,0,0,0,0,1,0,0,0,0,0,0,0,1,0,0,0,0,0,0,,1,1
PubMed,35075980,Machine learning prediction of antibody aggregation and viscosity for high concentration formulation development of protein therapeutics.,mAbs,2022,monoclonal antibody formulation aggregation,0,0,0,0,0,0,0,0,0,0,0,0,0,0,0,0,0,0,0,1,0,0,0,1,0,0,0,1,0,0,0,0,0,0,,0,0
PubMed,35940242,Developability Assessments of Monoclonal Antibody Candidates to Minimize Aggregation During Large-Scale Ultrafiltration and Diafiltration (UF-DF) Processing.,Journal of pharmaceutical sciences,2022,monoclonal antibody formulation aggregation,0,0,0,0,0,0,0,0,0,0,0,0,0,0,0,0,0,0,0,1,0,0,0,0,0,0,0,1,0,0,0,0,0,0,,0,1
PubMed,21846562,"Aggregation, stability, and formulation of human antibody therapeutics.",Advances in protein chemistry and structural biology,2011,monoclonal antibody formulation aggregation,0,0,0,0,0,0,0,0,0,0,0,0,0,0,0,0,0,0,0,1,0,0,0,0,0,0,0,1,0,0,0,0,0,0,,1,0
PubMed,31758949,Comparison of Polysorbate 80 Hydrolysis and Oxidation on the Aggregation of a Monoclonal Antibody.,Journal of pharmaceutical sciences,2021,monoclonal antibody formulation aggregation,0,0,0,0,0,0,0,0,0,1,0,0,0,0,0,0,0,0,0,1,1,0,0,0,0,0,0,1,0,0,0,0,0,0,,1,1
PubMed,31088082,Interaction of a Macrocycle with an Aggregation-Prone Region of a Monoclonal Antibody.,Molecular pharmaceutics,2020,monoclonal antibody formulation aggregation,0,0,0,0,0,0,0,0,0,0,0,0,0,0,0,0,0,0,0,1,0,0,0,0,0,0,0,1,0,0,0,0,0,0,,1,1
PubMed,36191621,Mechanism of Protein-PDMS Visible Particles Formation in Liquid Vial Monoclonal Antibody Formulation.,Journal of pharmaceutical sciences,2023,monoclonal antibody formulation aggregation,0,0,0,0,0,0,0,0,0,0,0,1,0,0,0,0,0,0,0,1,0,0,0,0,0,0,0,1,0,0,0,0,0,0,,0,0
PubMed,39515675,Impact of protein aggregation on the immunogenicity of a human monoclonal antibody following pulmonary administration in mice.,International journal of pharmaceutics,2024,monoclonal antibody formulation aggregation,0,0,0,0,0,0,0,0,0,1,0,0,0,0,0,0,0,0,0,1,0,0,0,0,0,0,0,1,0,0,0,0,0,0,,0,0
PubMed,37967687,Interaction between preservatives and a monoclonal antibody in support of multidose formulation development.,International journal of pharmaceutics,2023,monoclonal antibody formulation aggregation,0,0,0,0,0,0,0,0,0,0,0,0,0,0,0,0,0,0,0,1,0,0,0,0,0,0,0,1,0,0,0,0,0,0,,1,0
PubMed,38475982,Reduction of monoclonal antibody viscosity using interpretable machine learning.,mAbs,2024,monoclonal antibody formulation aggregation,0,0,0,0,0,0,0,0,0,0,0,0,0,0,0,0,0,0,0,1,0,0,0,1,0,0,0,1,0,0,0,0,0,0,5.2,1,0
PubMed,36690131,Afraid of the wall of death? Considerations on monoclonal antibody characteristics that trigger aggregation during peristaltic pumping.,International journal of pharmaceutics,2023,monoclonal antibody formulation aggregation,0,0,0,0,0,0,0,0,0,0,0,0,0,0,0,0,0,0,0,1,0,0,0,0,0,0,0,1,0,0,0,0,0,0,,0,1
PubMed,32658605,Rational optimization of a monoclonal antibody improves the aggregation propensity and enhances the CMC properties along the entire pharmaceutical process chain.,mAbs,2021,monoclonal antibody formulation aggregation,0,0,0,0,0,0,0,0,0,0,0,0,0,0,0,0,0,0,0,1,0,0,1,0,0,0,0,1,0,0,0,0,0,0,,1,1
PubMed,28322916,Prediction and Reduction of the Aggregation of Monoclonal Antibodies.,Journal of molecular biology,2017,monoclonal antibody formulation aggregation,0,0,0,0,0,0,0,0,0,0,0,0,0,0,0,0,0,0,0,1,0,0,0,0,0,0,0,0,0,0,0,0,0,1,,1,1
PubMed,21480193,Aggregates in monoclonal antibody manufacturing processes.,Biotechnology and bioengineering,2011,monoclonal antibody formulation aggregation,0,0,0,0,0,0,0,0,0,0,0,0,0,0,0,0,0,0,0,1,0,0,0,0,0,0,0,1,0,0,0,0,0,0,,1,0
PubMed,28939995,The effect of formulation variables on protein stability and integrity of a model IgG4 monoclonal antibody and translation to formulation of a model ScFv.,Biotechnology letters,2018,monoclonal antibody formulation aggregation,0,0,0,0,0,0,0,0,0,0,0,0,0,0,0,0,0,0,0,0,0,0,0,0,0,0,0,1,0,0,0,0,0,0,,0,0
PubMed,41144649,Pharmacoinformatics in Drug-Excipient Interactions.,Molecular pharmaceutics,2025,biopharmaceutical excipient selection stability,0,0,0,0,0,0,0,0,0,0,0,0,0,0,0,0,0,0,0,0,0,0,0,0,0,0,0,0,0,0,0,0,0,0,,1,0
PubMed,32965126,Computational Characterization of Antibody-Excipient Interactions for Rational Excipient Selection Using the Site Identification by Ligand Competitive Saturation-Biologics Approach.,Molecular pharmaceutics,2021,biopharmaceutical excipient selection stability,0,0,0,0,0,1,1,0,0,0,0,0,1,0,0,0,0,0,0,0,0,0,0,1,0,0,0,1,0,0,0,0,0,0,,1,0
PubMed,36351479,The Storage and In-Use Stability of mRNA Vaccines and Therapeutics: Not A Cold Case.,Journal of pharmaceutical sciences,2023,biopharmaceutical excipient selection stability,0,0,0,0,0,0,0,0,0,0,0,0,0,0,0,0,0,0,0,1,0,0,0,0,0,0,0,0,0,0,0,0,0,1,,1,1
PubMed,41331990,Not so cold! Improving the thermostability of mRNA vaccines.,Expert review of vaccines,2025,biopharmaceutical excipient selection stability,0,0,0,0,0,0,0,0,0,0,0,0,0,0,0,0,0,0,0,0,0,0,0,0,0,0,1,1,0,0,0,0,0,1,,1,0
PubMed,39383974,Comparative analysis and mechanistic insights into polysorbate 80 stability differences in biopharmaceutical buffer systems.,European journal of pharmaceutics and biopharmaceutics : official journal of Arbeitsgemeinschaft fur Pharmazeutische Verfahrenstechnik e.V,2024,biopharmaceutical excipient selection stability,1,0,1,1,1,0,0,0,0,1,0,0,0,0,0,0,0,1,0,0,1,0,0,0,0,0,0,1,0,0,0,0,0,0,,1,1
PubMed,33920461,Analytical Techniques for Structural Characterization of Proteins in Solid Pharmaceutical Forms: An Overview.,Pharmaceutics,2021,biopharmaceutical excipient selection stability,0,0,0,0,0,0,0,0,0,0,0,0,0,0,0,0,0,0,0,1,0,0,0,0,1,1,0,0,0,0,0,0,0,0,,0,1
PubMed,30825554,Excipient selection for thermally stable enveloped and non-enveloped viral vaccine platforms in dry powders.,International journal of pharmaceutics,2019,biopharmaceutical excipient selection stability,0,0,0,0,0,0,1,1,0,0,0,0,0,0,0,0,0,0,0,0,0,0,0,0,0,0,0,0,0,0,0,0,0,1,,1,0
PubMed,33745286,Insights into co-amorphous systems in therapeutic drug delivery.,Therapeutic delivery,2021,biopharmaceutical excipient selection stability,0,0,0,0,0,0,0,0,0,0,0,0,0,0,0,0,0,0,0,0,0,0,0,0,0,0,0,0,0,0,0,0,0,0,,1,0
PubMed,40618981,Hydroxypropyl-&#x3b2;-cyclodextrin inclusion complex improves the percutaneous therapeutic effect of eugenol on psoriasis mice.,European journal of pharmacology,2025,biopharmaceutical excipient selection stability,0,0,0,0,0,0,0,0,0,0,0,0,0,0,0,0,0,0,0,0,0,0,0,0,0,0,0,0,0,0,0,0,0,0,,1,0
PubMed,37218059,Ranking mAb-excipient interactions in biologics formulations by NMR spectroscopy and computational approaches.,mAbs,2023,biopharmaceutical excipient selection stability,0,0,0,0,0,0,0,0,0,0,0,0,0,0,0,0,0,0,0,0,0,0,0,0,0,0,0,1,0,0,0,0,0,0,,1,0
PubMed,36308923,NMR spectroscopy as a characterization tool enabling biologics formulation development.,Journal of pharmaceutical and biomedical analysis,2022,biopharmaceutical excipient selection stability,0,0,0,0,0,0,0,0,0,0,0,0,0,0,0,0,0,0,0,1,0,0,0,0,0,0,0,1,0,0,0,0,0,0,,1,1
PubMed,32415395,The Stabilizing Excipients in Dry State Therapeutic Phage Formulations.,AAPS PharmSciTech,2020,biopharmaceutical excipient selection stability,0,0,0,0,0,0,0,0,0,0,0,0,0,0,0,0,0,0,0,0,0,0,1,0,1,0,0,0,0,0,0,0,0,0,,1,0
PubMed,16353990,Excipient selection can significantly affect solid-state phase transformation in formulation during wet granulation.,AAPS PharmSciTech,2006,biopharmaceutical excipient selection stability,0,0,0,0,0,0,0,0,0,0,0,0,0,0,0,0,0,0,0,0,0,0,0,0,0,0,0,0,0,0,0,0,0,0,,1,1
PubMed,40574109,Lipid-Polymer Hybrid Nanoparticles as a Smart Drug Delivery System for Peptide/Protein Delivery.,Pharmaceutics,2025,biopharmaceutical excipient selection stability,0,0,0,0,0,0,0,0,0,0,0,0,0,0,0,0,0,0,0,1,0,0,0,0,0,0,0,0,0,0,1,0,0,0,,1,1
PubMed,29691812,Excipient selection and aerodynamic characterization of nebulized lipid-based nanoemulsion loaded with docetaxel for lung cancer treatment.,Drug delivery and translational research,2019,biopharmaceutical excipient selection stability,0,0,0,0,0,0,0,0,0,0,0,0,0,0,0,0,0,0,0,1,0,0,0,1,0,0,0,0,0,0,0,0,0,0,,1,0
PubMed,30930189,Acoustic levitation as a screening method for excipient selection in the development of dry powder vaccines.,International journal of pharmaceutics,2019,biopharmaceutical excipient selection stability,0,0,0,0,0,0,0,0,0,0,0,0,0,0,0,0,0,0,0,1,0,0,0,0,0,0,0,0,0,0,0,0,0,1,,1,0
PubMed,37285658,Investigation of excipients impact on polysorbate 80 degradation in biopharmaceutical formulation buffers.,Journal of pharmaceutical and biomedical analysis,2023,biopharmaceutical excipient selection stability,1,0,1,0,0,0,0,0,0,1,0,0,0,0,0,0,0,0,0,1,1,0,0,0,1,0,0,1,0,0,0,0,0,0,,1,1
PubMed,37856863,Oral Drug Delivery Systems Applied to Launched Products: Value for the Patients and Industrial Considerations.,Molecular pharmaceutics,2023,biopharmaceutical excipient selection stability,0,0,0,0,0,0,0,0,0,0,0,0,0,0,0,0,0,0,0,0,0,0,0,0,0,0,0,0,0,0,0,0,0,0,,1,0
PubMed,26699228,"Pharmaceutical excipients - quality, regulatory and biopharmaceutical considerations.",European journal of pharmaceutical sciences : official journal of the European Federation for Pharmaceutical Sciences,2017,biopharmaceutical excipient selection stability,0,0,0,0,0,0,0,0,0,0,0,0,0,0,0,0,0,0,0,0,0,0,0,0,0,0,0,0,0,0,0,0,0,0,,1,0
PubMed,7620565,Moisture content in proteins: its effects and measurement.,Journal of chromatography. A,1995,biopharmaceutical excipient selection stability,0,0,0,0,0,0,0,0,0,0,0,0,0,0,0,0,0,0,0,0,0,0,0,0,0,1,0,0,0,0,0,0,0,0,,1,1
PubMed,25492409,Formulation and stability of cytokine therapeutics.,Journal of pharmaceutical sciences,2015,biopharmaceutical excipient selection stability,0,0,0,0,0,0,0,0,0,0,0,0,0,0,0,0,0,0,0,0,0,0,0,0,0,0,0,0,0,0,0,1,0,0,,1,1
PubMed,24436033,Miniaturized approach for excipient selection during the development of oral solid dosage form.,Journal of pharmaceutical sciences,2014,biopharmaceutical excipient selection stability,0,0,0,0,0,0,0,0,0,0,0,0,0,0,0,0,0,0,0,0,0,0,0,0,0,0,0,0,0,0,0,0,0,0,,0,0
PubMed,29863908,Excipients in parenteral formulations: selection considerations and effective utilization with small molecules and biologics.,Drug development and industrial pharmacy,2018,biopharmaceutical excipient selection stability,0,0,0,0,0,0,0,0,0,0,0,0,0,0,0,0,0,0,0,0,0,0,0,0,0,1,0,0,0,0,0,0,0,0,,1,0
PubMed,33548460,Powder suspensions in non-aqueous vehicles for delivery of therapeutic proteins.,European journal of pharmaceutics and biopharmaceutics : official journal of Arbeitsgemeinschaft fur Pharmazeutische Verfahrenstechnik e.V,2021,biopharmaceutical excipient selection stability,0,0,0,0,0,0,0,0,0,0,0,0,0,0,0,0,0,0,0,1,0,0,0,1,0,1,0,0,0,0,0,0,0,0,,0,0
PubMed,28522535,ATP as a biological hydrotrope.,"Science (New York, N.Y.)",2018,protein aggregation prevention surfactant,0,0,1,0,0,0,0,0,0,0,0,0,0,0,0,0,0,0,0,1,0,0,0,0,0,0,0,0,0,0,0,0,0,0,,1,0
PubMed,33253579,Surfactant Impact on Interfacial Protein Aggregation and Utilization of Surface Tension to Predict Surfactant Requirements for Biological Formulations.,Molecular pharmaceutics,2021,protein aggregation prevention surfactant,0,0,0,0,0,0,0,0,0,0,0,0,0,0,0,0,0,0,0,1,0,0,0,0,1,0,0,0,0,0,0,0,0,0,,1,0
PubMed,17973307,Polysorbates 20 and 80 used in the formulation of protein biotherapeutics: structure and degradation pathways.,Journal of pharmaceutical sciences,2008,protein aggregation prevention surfactant,0,0,0,0,0,0,0,0,0,1,1,0,0,0,0,0,0,0,0,1,1,0,0,0,0,0,0,0,0,0,0,0,0,0,,1,1
PubMed,21440683,Effect of protein-surfactant interactions on aggregation of &#x3b2;-lactoglobulin.,Biochimica et biophysica acta,2011,protein aggregation prevention surfactant,0,0,0,0,0,0,0,0,0,0,0,0,0,0,0,0,0,0,0,1,0,0,0,0,0,0,0,0,0,0,0,0,0,0,,1,1
PubMed,31546020,Epigallocatechin-3-gallate (EGCG) inhibits aggregation of pulmonary fibrosis associated mutant surfactant protein A2 via a proteasomal degradation pathway.,The international journal of biochemistry &amp; cell biology,2020,protein aggregation prevention surfactant,0,0,0,0,0,0,0,0,0,0,0,0,0,0,0,0,0,0,0,1,0,0,0,0,0,0,0,0,0,0,0,0,0,0,,1,1
PubMed,35924267,"Protein PEGylation: Navigating Recombinant Protein Stability, Aggregation, and Bioactivity.",BioMed research international,2022,protein aggregation prevention surfactant,0,0,0,0,0,0,0,0,0,0,0,0,0,0,0,0,0,0,0,1,0,0,1,0,1,0,0,0,0,0,0,0,1,0,,1,1
PubMed,17544031,Novel thromboresistant materials.,Journal of vascular surgery,2007,protein aggregation prevention surfactant,0,0,0,0,0,0,0,0,0,0,0,0,0,0,0,0,0,0,0,1,0,0,0,0,0,0,0,0,0,0,0,0,0,0,,0,0
PubMed,37094665,Novel Surfactant Compatibility with Downstream Protein Bioprocesses.,Journal of pharmaceutical sciences,2023,protein aggregation prevention surfactant,0,0,0,0,0,0,0,0,0,0,0,0,0,0,0,0,0,0,0,1,0,0,0,0,0,0,0,1,0,0,0,0,0,0,,1,0
PubMed,39722424,Protein aggregation in the frozen state induced by dropping stress.,European journal of pharmaceutical sciences : official journal of the European Federation for Pharmaceutical Sciences,2025,protein aggregation prevention surfactant,0,0,0,0,0,0,0,0,0,0,0,1,0,0,0,0,0,0,0,1,0,0,0,0,0,0,0,0,0,1,0,0,0,0,,1,1
PubMed,33054234,Effects of Hydrophobic Tail Length Variation on Surfactant-Mediated Protein Stabilization.,Molecular pharmaceutics,2021,protein aggregation prevention surfactant,0,0,0,0,0,0,0,0,0,0,0,0,0,0,0,0,0,0,0,1,0,0,0,0,0,0,0,1,0,0,0,0,0,0,,1,1
PubMed,40513474,CCR2-targeted nanoparticles combined with sonodynamic therapy attenuates the acute rejection of heart transplants.,Biomaterials,2025,protein aggregation prevention surfactant,0,0,0,0,0,0,0,0,0,0,0,0,0,0,0,0,0,0,0,1,0,0,0,0,0,0,0,0,0,0,0,0,0,0,,1,0
PubMed,35669781,Malondialdehyde Acetaldehyde-Adduction Changes Surfactant Protein D Structure and Function.,Frontiers in immunology,2022,protein aggregation prevention surfactant,0,0,1,0,0,0,0,0,0,0,0,0,0,0,0,0,0,0,0,1,0,0,0,0,0,0,0,0,0,0,0,0,0,0,,1,1
PubMed,38043237,Insights into the emulsification mechanism of the surfactant-like protein oleosin.,Journal of colloid and interface science,2024,protein aggregation prevention surfactant,0,0,0,0,0,0,0,0,0,0,0,0,0,0,0,0,0,0,0,1,0,0,0,0,0,0,0,0,0,0,0,0,0,0,,1,0
PubMed,18834153,Biomimicry of surfactant protein C.,Accounts of chemical research,2008,protein aggregation prevention surfactant,0,0,0,0,0,0,0,0,0,0,0,0,0,1,0,0,0,0,0,1,0,0,0,0,0,0,0,0,0,0,0,0,0,0,,1,1
PubMed,21585378,Prevention of benzyl alcohol-induced aggregation of chymotrypsinogen by PEGylation.,The Journal of pharmacy and pharmacology,2011,protein aggregation prevention surfactant,0,0,0,0,0,0,0,0,0,0,0,0,0,0,0,0,0,0,0,1,0,0,0,0,0,0,0,0,0,0,0,0,0,0,,1,0
PubMed,35995205,Protein-Surfactant and Protein-Protein Interactions During Freeze and Thaw: A Small-Angle Neutron Scattering Study of Lysozyme Solutions with Polysorbate and Poloxamer.,Journal of pharmaceutical sciences,2022,protein aggregation prevention surfactant,0,0,0,0,0,0,0,0,0,0,1,1,0,0,0,0,0,0,0,1,0,0,0,0,0,0,0,0,0,0,0,0,0,0,,1,0
PubMed,40225577,Targeting USP11 counteracts SFTPCI73T -associated interstitial lung disease in hiPSCs-derived alveolar organoids and in vivo models.,Theranostics,2025,protein aggregation prevention surfactant,0,0,0,0,0,0,0,0,0,0,0,0,0,0,0,0,0,0,0,1,0,0,0,0,0,0,0,1,0,0,0,0,1,0,,1,0
PubMed,23013511,Control of amyloid assembly by autoregulation.,The Biochemical journal,2012,protein aggregation prevention surfactant,0,0,0,0,0,0,0,0,0,0,0,0,0,0,0,0,0,0,0,1,0,0,0,0,0,0,0,0,0,0,0,0,0,0,,1,0
PubMed,33387597,Preservative Induced Polysorbate 80 Micelle Aggregation.,Journal of pharmaceutical sciences,2021,protein aggregation prevention surfactant,0,0,0,0,0,0,0,0,0,1,0,0,0,0,0,0,0,0,0,1,0,0,0,0,0,0,0,0,0,0,0,0,0,0,,1,0
PubMed,21523787,Effects of surfaces and leachables on the stability of biopharmaceuticals.,Journal of pharmaceutical sciences,2015,protein aggregation prevention surfactant,0,0,0,0,0,0,0,0,0,0,0,0,0,0,0,0,0,0,0,1,0,0,0,0,0,0,0,0,0,0,0,0,0,0,,1,0
PubMed,24224491,Renewal of the air-water interface as a critical system parameter of protein stability: aggregation of the human growth hormone and its prevention by surface-active compounds.,Langmuir : the ACS journal of surfaces and colloids,2014,protein aggregation prevention surfactant,0,0,0,0,0,0,0,0,0,0,0,1,0,0,0,0,0,0,0,1,0,0,0,0,0,0,0,0,0,0,0,0,0,0,,1,1
PubMed,36014329,Hydroxylpropyl-&#x3b2;-cyclodextrin as Potential Excipient to Prevent Stress-Induced Aggregation in Liquid Protein Formulations.,"Molecules (Basel, Switzerland)",2022,protein aggregation prevention surfactant,0,0,0,0,0,0,0,0,0,0,0,0,0,0,0,0,0,0,0,1,0,0,0,0,1,0,0,0,0,0,0,0,0,0,,1,1
PubMed,1367488,Cosolvent assisted protein refolding.,Bio/technology (Nature Publishing Company),1991,protein aggregation prevention surfactant,0,0,0,0,0,0,0,0,0,0,0,0,0,0,0,0,0,0,0,1,0,0,0,0,0,0,0,0,0,0,0,0,0,0,,1,1
PubMed,18479251,Prevention of human granulocyte colony-stimulating factor protein aggregation in recombinant Pichia pastoris fed-batch fermentation using additives.,Biotechnology and applied biochemistry,2009,protein aggregation prevention surfactant,0,0,0,0,0,0,0,0,0,1,1,0,0,0,0,0,0,0,0,1,0,0,0,0,0,0,0,0,0,0,0,0,0,0,,1,0
PubMed,24749737,Characterization and stability study of polysorbate 20 in therapeutic monoclonal antibody formulation by multidimensional ultrahigh-performance liquid chromatography-charged aerosol detection-mass spectrometry.,Analytical chemistry,2015,antibody formulation polysorbate stability,0,0,0,0,0,0,0,0,0,0,1,0,0,0,0,0,0,0,0,1,0,0,0,0,1,0,0,1,0,0,0,0,0,0,,1,1
PubMed,34224732,Identification and Characterization of Polysorbate-Degrading Enzymes in a Monoclonal Antibody Formulation.,Journal of pharmaceutical sciences,2021,antibody formulation polysorbate stability,0,0,0,0,0,0,0,0,0,0,0,0,0,0,0,0,0,0,0,1,0,0,0,0,0,0,0,1,0,0,0,0,1,0,,1,1
PubMed,37643700,Evaluation of the In-Use Stability of Monoclonal Antibody IV Admixtures Prepared from Drug Products Containing Polysorbate 20 Degraded by Host-Cell Lipases.,Journal of pharmaceutical sciences,2023,antibody formulation polysorbate stability,0,0,0,0,0,0,0,0,0,0,1,0,0,0,0,0,0,0,0,0,0,0,0,0,1,0,0,1,0,0,0,0,1,0,,1,1
PubMed,38772451,Identification of Acyl-Protein Thioesterase-1 as a Polysorbate-Degrading Host Cell Protein in a Monoclonal Antibody Formulation Using Activity-Based Protein Profiling.,Journal of pharmaceutical sciences,2024,antibody formulation polysorbate stability,0,0,0,0,0,0,0,0,0,0,0,0,0,0,0,0,0,0,0,0,0,0,0,0,1,0,0,1,0,0,0,0,1,0,,0,1
PubMed,38675488,Investigation on the Combined Effect of Hydroxypropyl Beta-Cyclodextrin (HP&#x3b2;CD) and Polysorbate in Monoclonal Antibody Formulation.,"Pharmaceuticals (Basel, Switzerland)",2024,antibody formulation polysorbate stability,0,0,0,0,0,0,0,0,0,1,0,0,0,0,0,0,0,0,0,1,0,0,0,0,0,0,0,1,0,0,0,0,0,0,,1,1
PubMed,41161553,Mitigating polysorbate degradation-induced visible particle formation in an antibody formulation: From root cause identification to strategic solution.,International journal of pharmaceutics,2025,antibody formulation polysorbate stability,0,0,0,0,0,0,0,0,0,0,1,0,0,0,0,0,0,0,0,1,0,0,0,0,0,0,0,1,0,0,0,0,1,0,,1,1
PubMed,35609629,Lyophilized Filovirus Glycoprotein Vaccines: Peroxides in a Vaccine Formulation with Polysorbate 80-Containing Adjuvant are Associated with Reduced Neutralizing Antibody Titers in Both Mice and Non-Human Primates.,Journal of pharmaceutical sciences,2022,antibody formulation polysorbate stability,0,0,0,0,0,0,1,0,0,1,0,0,0,0,0,1,0,0,0,0,1,0,0,0,0,1,0,1,0,0,0,0,0,1,,1,0
PubMed,31715179,Cis/Trans Isomerization of Unsaturated Fatty Acids in Polysorbate 80 During Light Exposure of a Monoclonal Antibody-Containing Formulation.,Journal of pharmaceutical sciences,2021,antibody formulation polysorbate stability,0,0,0,0,0,0,0,0,0,1,0,0,0,0,0,0,0,0,0,0,0,0,0,0,0,0,0,1,0,0,0,0,0,0,,0,0
PubMed,33711346,Stability of antibody drug conjugate formulations evaluated using solid-state hydrogen-deuterium exchange mass spectrometry.,Journal of pharmaceutical sciences,2021,antibody formulation polysorbate stability,0,0,0,0,0,0,0,1,0,1,0,0,0,0,0,0,0,0,0,0,0,0,0,0,0,1,0,1,0,0,0,0,0,0,,1,1
PubMed,11683251,Effect of moisture on the stability of a lyophilized humanized monoclonal antibody formulation.,Pharmaceutical research,2002,antibody formulation polysorbate stability,0,0,0,0,0,0,0,0,0,0,0,0,0,0,0,0,0,0,0,0,0,0,0,0,0,1,0,1,0,0,0,0,0,0,,0,0
PubMed,38942184,Visible light triggers the formation of reactive oxygen species in monoclonal antibody formulations.,International journal of pharmaceutics,2024,antibody formulation polysorbate stability,0,0,0,0,0,0,0,0,0,1,1,0,0,0,0,0,0,0,0,0,1,0,0,0,0,0,0,1,0,0,0,0,0,0,,1,1
PubMed,18023013,Self-buffering antibody formulations.,Journal of pharmaceutical sciences,2008,antibody formulation polysorbate stability,0,0,0,0,1,0,0,0,1,0,1,0,0,0,0,0,0,0,0,1,0,0,0,0,1,0,0,1,0,0,0,0,0,0,5.0,0,1
PubMed,30502482,Edetate Disodium as a Polysorbate Degradation and Monoclonal Antibody Oxidation Stabilizer.,Journal of pharmaceutical sciences,2020,antibody formulation polysorbate stability,0,0,0,0,0,0,0,0,0,1,0,0,0,0,0,1,0,1,0,0,1,0,0,0,0,0,0,1,0,0,0,0,1,0,,1,1
PubMed,37770006,How enzymatic hydrolysis of polysorbate 20 influences colloidal protein stability.,European journal of pharmaceutical sciences : official journal of the European Federation for Pharmaceutical Sciences,2023,antibody formulation polysorbate stability,0,0,0,0,0,0,0,0,1,0,1,0,0,0,0,0,0,0,0,1,0,0,0,0,1,0,0,1,0,0,0,0,1,0,,1,1
PubMed,33141046,In-Use Interfacial Stability of Monoclonal Antibody Formulations Diluted in Saline i.v. Bags.,Journal of pharmaceutical sciences,2021,antibody formulation polysorbate stability,0,0,0,0,0,0,0,0,0,0,1,0,0,0,0,0,1,0,0,1,0,0,0,0,0,0,0,1,0,0,0,0,0,0,,0,1
PubMed,36628526,Optimizing a therapeutic humanized follicle-stimulating hormone-blocking antibody formulation by protein thermal shift assay.,Annals of the New York Academy of Sciences,2023,antibody formulation polysorbate stability,1,0,1,0,0,1,1,0,0,0,1,0,0,0,0,0,1,0,0,0,0,0,0,0,1,0,0,1,0,0,0,0,0,0,5.62,1,0
PubMed,37295604,"Comparison of the Protective Effect of Polysorbates, Poloxamer and Brij on Antibody Stability Against Different Interfaces.",Journal of pharmaceutical sciences,2026,antibody formulation polysorbate stability,0,0,0,0,0,0,0,0,0,1,1,1,0,0,0,0,0,0,0,1,0,0,0,0,0,0,0,1,0,0,0,0,0,0,,1,1
PubMed,22362139,Effect of polysorbate 80 quality on photostability of a monoclonal antibody.,AAPS PharmSciTech,2012,antibody formulation polysorbate stability,0,0,0,0,0,0,0,0,0,1,0,0,0,0,0,0,0,0,0,0,1,0,0,0,0,0,0,1,0,0,0,0,0,0,,0,0
PubMed,38042510,Enzymatic degradation pattern of polysorbate 20 impacts interfacial properties of monoclonal antibody formulations.,European journal of pharmaceutics and biopharmaceutics : official journal of Arbeitsgemeinschaft fur Pharmazeutische Verfahrenstechnik e.V,2024,antibody formulation polysorbate stability,0,0,0,0,0,0,0,0,0,0,1,0,0,0,0,0,0,0,0,1,0,0,0,0,0,0,0,1,0,0,0,0,1,0,,1,1
PubMed,27943242,"Knockout of a difficult-to-remove CHO host cell protein, lipoprotein lipase, for improved polysorbate stability in monoclonal antibody formulations.",Biotechnology and bioengineering,2017,antibody formulation polysorbate stability,0,0,0,0,0,0,0,0,0,1,1,0,0,0,0,0,0,0,0,0,0,0,0,0,0,0,0,1,0,0,0,0,1,0,,1,1
PubMed,39492475,Exploring a role for flow-induced aggregation assays in platform formulation optimisation for antibody-based proteins.,Journal of pharmaceutical sciences,2024,antibody formulation polysorbate stability,0,0,0,0,0,0,0,0,0,1,0,0,0,0,0,0,0,0,0,1,0,0,0,0,0,0,0,1,0,1,0,0,0,0,,1,0
PubMed,34845573,Effect of Fatty Acid Composition in Polysorbate 80 on the Stability of Therapeutic Protein Formulations.,Pharmaceutical research,2022,antibody formulation polysorbate stability,0,0,0,0,0,0,0,0,0,1,0,0,0,0,0,0,0,0,0,1,0,0,0,0,0,0,0,0,0,0,0,0,0,0,,1,1
PubMed,31487466,Studying Excipient Modulated Physical Stability and Viscosity of Monoclonal Antibody Formulations Using Small-Angle Scattering.,Molecular pharmaceutics,2020,antibody formulation polysorbate stability,0,0,0,0,0,0,0,0,0,0,0,0,0,0,0,0,0,0,0,1,0,0,0,1,0,0,0,1,0,0,0,0,0,0,,1,1
PubMed,33789155,A review of Formulations of Commercially Available Antibodies.,Journal of pharmaceutical sciences,2021,protein lyophilization sucrose trehalose,1,0,1,0,1,1,1,1,1,1,1,1,1,1,1,1,1,1,0,1,0,0,0,1,0,1,0,1,0,0,0,0,0,0,,1,0
PubMed,37918545,"Stabilization effects of saccharides in protein formulations: A review of sucrose, trehalose, cyclodextrins and dextrans.",European journal of pharmaceutical sciences : official journal of the European Federation for Pharmaceutical Sciences,2023,protein lyophilization sucrose trehalose,0,0,0,0,0,1,1,0,0,0,0,0,0,0,0,0,0,0,0,0,0,0,0,0,0,1,0,0,0,0,0,0,0,0,,1,0
PubMed,37534799,New insights into the protein stabilizing effects of trehalose by comparing with sucrose.,Physical chemistry chemical physics : PCCP,2023,protein lyophilization sucrose trehalose,0,0,0,0,0,1,1,0,0,0,0,0,0,0,0,0,0,0,0,0,0,0,0,0,0,1,0,0,0,0,0,0,0,0,,1,0
PubMed,16338123,Distinct effects of sucrose and trehalose on protein stability during supercritical fluid drying and freeze-drying.,European journal of pharmaceutical sciences : official journal of the European Federation for Pharmaceutical Sciences,2006,protein lyophilization sucrose trehalose,0,0,0,0,0,1,1,0,0,0,0,0,0,0,0,0,0,0,0,1,0,0,1,0,0,1,0,0,0,0,0,0,0,0,,1,0
PubMed,9813347,Protein inactivation in amorphous sucrose and trehalose matrices: effects of phase separation and crystallization.,Biochimica et biophysica acta,1998,protein lyophilization sucrose trehalose,0,0,1,0,0,1,1,0,0,0,0,0,0,0,0,0,0,0,0,0,0,0,0,0,0,0,0,0,0,0,0,0,0,0,,0,0
PubMed,12137794,Mixed trehalose/sucrose glasses used for protein incorporation as studied by infrared and optical spectroscopy.,Analytical biochemistry,2003,protein lyophilization sucrose trehalose,0,0,0,0,0,1,1,0,0,0,0,0,0,0,0,0,0,0,0,0,0,0,0,0,0,0,0,0,0,0,0,0,0,0,,0,0
PubMed,31678247,Trehalose or Sucrose: Which of the Two Should be Used for Stabilizing Proteins in the Solid State? A Dilemma Investigated by In Situ Micro-Raman and Dielectric Relaxation Spectroscopies During and After Freeze-Drying.,Journal of pharmaceutical sciences,2021,protein lyophilization sucrose trehalose,0,0,0,0,0,1,1,0,0,0,0,0,0,0,0,0,0,0,0,0,0,0,0,0,0,1,0,0,0,0,0,0,0,0,,1,0
PubMed,36940838,Predicting the amorphous-phase composition during lyophilization.,International journal of pharmaceutics,2023,protein lyophilization sucrose trehalose,0,0,0,0,0,1,1,0,1,0,0,0,0,0,0,0,0,0,0,0,0,0,0,0,0,1,0,0,0,0,0,0,0,0,,0,0
PubMed,38781678,Predicting the Stability of Formulations Containing Lyophilized Human Serum Albumin and Sucrose/Trehalose Using Solid-State NMR Spectroscopy.,Molecular pharmaceutics,2024,protein lyophilization sucrose trehalose,0,0,0,0,0,1,1,0,0,0,0,0,0,0,0,0,0,0,0,0,0,0,0,0,0,1,0,0,0,0,0,0,0,0,,1,0
PubMed,7854254,Desiccation tolerance of prokaryotes.,Microbiological reviews,1995,protein lyophilization sucrose trehalose,0,0,0,0,0,1,1,0,0,0,0,0,0,0,0,0,0,0,0,0,0,0,0,0,0,0,0,0,0,0,0,0,1,0,,0,0
PubMed,36770661,Enhanced Stability of Vegetal Diamine Oxidase with Trehalose and Sucrose as Cryoprotectants: Mechanistic Insights.,"Molecules (Basel, Switzerland)",2023,protein lyophilization sucrose trehalose,0,0,0,0,0,1,1,0,0,0,0,0,0,0,0,0,0,0,0,0,0,0,0,0,0,1,0,0,0,0,0,0,1,0,,1,0
PubMed,10393566,Lyophilization of protein formulations in vials: investigation of the relationship between resistance to vapor flow during primary drying and small-scale product collapse.,Journal of pharmaceutical sciences,1999,protein lyophilization sucrose trehalose,0,0,0,0,0,1,1,0,0,0,0,0,0,0,0,0,0,0,0,0,0,0,0,0,0,1,0,1,0,0,0,0,0,0,,1,0
PubMed,41126008,Developing Subcutaneous Formulations for Irisin as a Potential Therapeutic.,Pharmaceutical research,2026,protein lyophilization sucrose trehalose,0,0,0,0,0,0,0,0,0,0,0,0,0,0,0,0,0,0,0,0,0,0,0,0,0,0,0,0,0,0,0,0,0,0,,0,0
PubMed,32525915,Increasing storage stability of freeze-dried plasma using trehalose.,PloS one,2020,protein lyophilization sucrose trehalose,0,0,0,0,0,1,1,0,0,0,0,0,0,0,0,0,0,0,0,1,1,0,0,0,0,1,0,0,0,0,0,0,0,0,,1,0
PubMed,38758116,Colyophilized Sugar-Polymer Dispersions for Enhanced Processing and Storage Stability.,Molecular pharmaceutics,2024,protein lyophilization sucrose trehalose,0,0,0,0,0,1,1,0,0,0,0,0,0,0,0,0,0,0,0,0,0,0,0,0,0,1,0,0,0,0,0,0,0,0,,1,0
PubMed,38570383,Predicting the Stability of Lyophilized Human Serum Albumin Formulations Containing Sucrose and Trehalose Using Solid-State NMR Spectroscopy: Effect of Storage Temperature on 1H T1 Relaxation Times.,The AAPS journal,2024,protein lyophilization sucrose trehalose,1,0,1,0,0,1,1,0,0,0,0,0,0,0,0,0,0,0,0,0,0,0,0,0,0,1,0,0,0,0,0,0,0,0,,1,0
PubMed,37535010,Role of Poloxamer 188 in Preventing Ice-Surface-Induced Protein Destabilization during Freeze-Thawing.,Molecular pharmaceutics,2023,protein lyophilization sucrose trehalose,0,0,0,0,0,1,1,0,0,0,0,1,0,0,0,0,0,0,0,1,0,0,0,0,0,0,0,0,0,0,0,0,0,0,,1,1
PubMed,7486995,Trehalose and sucrose protect both membranes and proteins in intact bacteria during drying.,Applied and environmental microbiology,1995,protein lyophilization sucrose trehalose,0,0,0,0,0,1,1,0,0,0,0,0,0,0,0,0,0,0,0,0,0,0,0,0,0,1,0,0,0,0,0,0,0,0,,1,0
PubMed,30288720,Applications of Freezing and Freeze-Drying in Pharmaceutical Formulations.,Advances in experimental medicine and biology,2019,protein lyophilization sucrose trehalose,0,0,0,0,0,1,1,0,0,0,0,0,0,0,0,0,0,0,0,0,0,0,0,0,0,1,0,0,0,0,0,0,0,1,,1,0
PubMed,26474964,Co-encapsulation of lyoprotectants improves the stability of protein-loaded PLGA nanoparticles upon lyophilization.,International journal of pharmaceutics,2016,protein lyophilization sucrose trehalose,0,0,0,0,0,1,1,0,1,0,0,0,0,0,0,0,0,0,0,1,0,0,0,0,0,1,0,0,0,0,1,0,0,0,,1,0
PubMed,17958330,Effects of sugar additives on protein stability of recombinant human serum albumin during lyophilization and storage.,Archives of pharmacal research,2007,protein lyophilization sucrose trehalose,0,0,0,0,0,1,1,1,0,0,0,0,0,0,0,0,0,0,0,1,0,1,0,0,0,1,0,0,0,0,0,0,0,0,,1,1
PubMed,31276620,"Molecular Computations of Preferential Interaction Coefficients of IgG1 Monoclonal Antibodies with Sorbitol, Sucrose, and Trehalose and the Impact of These Excipients on Aggregation and Viscosity.",Molecular pharmaceutics,2020,protein lyophilization sucrose trehalose,0,0,0,1,0,1,1,0,1,0,0,0,0,0,0,0,0,0,0,1,0,0,0,1,0,0,0,1,0,0,0,0,0,0,,1,0
PubMed,34180926,"Hydration enthalpies of amorphous sucrose, trehalose and maltodextrins and their relationship with heat capacities.",Physical chemistry chemical physics : PCCP,2021,protein lyophilization sucrose trehalose,0,0,0,0,0,1,1,0,0,0,0,0,0,0,0,0,0,0,0,0,0,0,0,0,0,1,0,0,0,0,0,0,0,0,,1,0
PubMed,38218506,Formulation factors affecting foam properties during vacuum foam-drying.,International journal of pharmaceutics,2024,protein lyophilization sucrose trehalose,0,0,0,0,0,1,1,0,0,0,0,0,0,0,0,0,0,0,0,0,0,0,0,0,0,0,0,1,0,0,0,0,1,0,,0,0
PubMed,40997950,Overcoming cold chain challenges: Cryoprotection of self-amplifying mRNA polyplexes for long-term storage at ambient temperature.,Journal of controlled release : official journal of the Controlled Release Society,2026,protein lyophilization sucrose trehalose,0,0,0,0,0,1,1,0,0,0,0,0,0,0,0,0,0,0,0,1,0,0,0,0,0,1,0,0,0,0,0,0,0,1,,1,0
PubMed,17408371,Pulmonary vaccine delivery.,Expert review of vaccines,2007,biologic drug formulation pH stability,0,0,0,0,0,0,0,0,0,0,0,0,0,0,0,0,0,0,0,0,0,0,0,0,0,0,0,0,0,0,0,0,0,1,,0,0
PubMed,40650502,Terminalia arjuna gum as a novel biopolymer for microbead formulation in pH-sensitive drug delivery.,Drug development and industrial pharmacy,2025,biologic drug formulation pH stability,0,0,0,0,0,0,0,0,0,0,0,0,0,0,0,0,0,0,0,0,0,0,0,0,0,0,0,0,0,0,0,0,0,0,,1,0
PubMed,31789106,Nanogels as drug-delivery systems: a comprehensive overview.,Therapeutic delivery,2020,biologic drug formulation pH stability,0,0,0,0,0,0,0,0,0,0,0,0,0,0,0,0,0,0,0,0,0,0,0,0,0,0,0,0,0,0,0,0,0,0,,0,1
PubMed,38299420,Nanotechnology-based Herbal Drug Formulation in the Treatment of Diabetes Mellitus.,Current diabetes reviews,2024,biologic drug formulation pH stability,0,0,0,0,0,0,0,0,0,0,0,0,0,0,0,0,0,0,0,0,0,0,0,0,0,0,0,0,0,0,0,0,0,0,,1,0
PubMed,27522919,Accelerating Vaccine Formulation Development Using Design of Experiment Stability Studies.,Journal of pharmaceutical sciences,2017,biologic drug formulation pH stability,0,0,0,0,0,0,0,0,0,0,0,0,0,0,0,0,0,0,0,0,0,0,0,0,1,0,0,0,0,0,0,0,0,1,,1,1
PubMed,5153883,Drug formulation and biologic availability.,Seminars in drug treatment,1972,biologic drug formulation pH stability,0,0,0,0,0,0,0,0,0,0,0,0,0,0,0,0,0,0,0,0,0,0,0,0,0,0,0,0,0,0,0,0,0,0,,0,0
PubMed,33705876,Dry powder pharmaceutical biologics for inhalation therapy.,Advanced drug delivery reviews,2021,biologic drug formulation pH stability,0,0,0,0,0,0,0,0,0,0,0,0,0,0,0,0,0,0,0,0,0,0,0,0,1,1,0,0,0,0,0,0,0,0,,1,1
PubMed,33309656,Influence of pH-responsive compounds synthesized from chitosan and hyaluronic acid on dual-responsive (pH/temperature) hydrogel drug delivery systems of Cortex Moutan.,International journal of biological macromolecules,2021,biologic drug formulation pH stability,0,0,0,0,0,0,0,0,0,0,0,0,0,0,0,0,0,0,0,0,0,0,0,0,0,0,0,0,0,0,0,0,0,0,,1,0
PubMed,32466932,Anthocyanins: New techniques and challenges in microencapsulation.,"Food research international (Ottawa, Ont.)",2021,biologic drug formulation pH stability,0,0,0,0,0,0,0,0,0,0,0,0,0,0,0,0,0,0,0,0,0,0,0,0,0,0,0,0,0,0,0,0,0,0,,1,1
PubMed,33694304,Biological drug therapy for ocular angiogenesis: Anti-VEGF agents and novel strategies based on nanotechnology.,Pharmacology research &amp; perspectives,2021,biologic drug formulation pH stability,0,0,0,0,0,0,0,0,0,0,0,0,0,0,0,0,0,0,0,1,0,0,1,0,0,0,0,1,0,0,0,1,0,0,,0,0
PubMed,33845039,Particle engineering principles and technologies for pharmaceutical biologics.,Advanced drug delivery reviews,2022,biologic drug formulation pH stability,0,0,0,0,0,0,0,0,0,0,0,0,0,0,0,0,0,0,0,1,0,0,0,0,0,1,0,0,0,0,0,0,0,0,,1,0
PubMed,27573097,Recent perspectives on the delivery of biologics to back of the eye.,Expert opinion on drug delivery,2017,biologic drug formulation pH stability,0,0,0,0,0,0,0,0,0,0,0,0,0,0,0,0,0,0,0,0,0,0,0,0,0,0,0,0,0,0,0,1,0,0,,0,0
PubMed,17475423,Intranasal delivery: physicochemical and therapeutic aspects.,International journal of pharmaceutics,2007,biologic drug formulation pH stability,0,0,0,0,0,0,0,0,0,0,0,0,0,0,0,0,0,0,0,0,0,0,0,0,0,0,0,0,0,0,0,0,0,0,,1,0
PubMed,39393712,"Formulation strategies, preparation methods, and devices for pulmonary delivery of biologics.",European journal of pharmaceutics and biopharmaceutics : official journal of Arbeitsgemeinschaft fur Pharmazeutische Verfahrenstechnik e.V,2024,biologic drug formulation pH stability,0,0,0,0,0,0,0,0,0,0,0,0,0,0,0,0,0,0,0,1,0,0,0,0,0,0,0,0,0,0,0,0,0,1,,1,0
PubMed,28925794,Developments in the formulation and delivery of spray dried vaccines.,Human vaccines &amp; immunotherapeutics,2018,biologic drug formulation pH stability,0,0,0,0,0,0,0,0,0,0,0,0,0,0,0,0,0,0,0,1,0,0,0,0,0,1,0,0,0,0,0,0,0,1,,1,0
PubMed,34041914,Analytical and Computational Methods for the Determination of Drug-Polymer Solubility and Miscibility.,Molecular pharmaceutics,2022,biologic drug formulation pH stability,0,0,0,0,0,0,0,0,0,0,0,0,0,0,0,0,0,0,0,0,0,0,0,0,1,0,0,0,0,0,0,0,0,0,,1,0
PubMed,36632784,Intraocular delivery considerations of ocular biologic products and key preclinical determinations.,Expert opinion on drug delivery,2023,biologic drug formulation pH stability,0,0,0,0,0,0,0,0,0,0,0,0,0,0,0,0,0,0,0,0,0,0,0,0,0,0,0,0,0,0,0,0,0,0,,0,0
PubMed,31967908,"Development, characterization and stability evaluation of ciprofloxacin-loaded parenteral nutrition nanoemulsions.",Pharmaceutical development and technology,2021,biologic drug formulation pH stability,0,0,0,0,0,0,0,0,0,0,0,0,0,0,0,0,0,0,0,0,0,0,0,0,0,0,0,0,0,0,0,0,0,0,,0,0
PubMed,39079589,The silicone depletion in combination products induced by biologics.,European journal of pharmaceutics and biopharmaceutics : official journal of Arbeitsgemeinschaft fur Pharmazeutische Verfahrenstechnik e.V,2024,biologic drug formulation pH stability,0,0,0,0,0,0,0,0,0,0,0,0,0,0,0,0,0,0,0,0,0,0,0,0,0,0,0,1,0,0,0,0,0,0,,1,0
PubMed,28618756,Rational design of rabies vaccine formulation for enhanced stability.,Turkish journal of medical sciences,2019,biologic drug formulation pH stability,0,0,0,0,0,0,0,0,0,0,0,0,0,0,0,0,0,0,0,0,0,0,1,0,0,1,0,0,0,0,0,0,0,1,,1,1
PubMed,40436547,Microencapsulation of Syzygium zeylanicum (L.) DC.: A novel strategy for improving antidiabetic and anti-inflammatory activities.,"Food research international (Ottawa, Ont.)",2025,biologic drug formulation pH stability,0,0,0,0,0,0,0,0,0,0,0,0,0,0,0,0,0,0,0,0,0,0,0,0,0,0,0,0,0,0,1,0,0,0,,1,0
PubMed,30703385,Physical Characterization of Halofantrine-Encapsulated Fat Nanoemulsions.,Journal of pharmaceutical sciences,2020,biologic drug formulation pH stability,0,0,0,0,0,0,0,0,0,0,0,0,0,0,0,0,0,0,0,1,0,0,0,0,0,0,0,0,0,0,0,0,0,0,,1,0
PubMed,32708704,New Opportunity to Formulate Intranasal Vaccines and Drug Delivery Systems Based on Chitosan.,International journal of molecular sciences,2021,biologic drug formulation pH stability,0,0,0,0,0,0,0,0,0,0,0,0,0,0,0,0,0,0,0,1,0,0,0,0,0,0,0,0,0,0,0,0,0,1,,1,1
PubMed,35026663,Quantifying methionine sulfoxide in therapeutic protein formulation excipients as sensitive oxidation marker.,"Journal of chromatography. B, Analytical technologies in the biomedical and life sciences",2022,protein oxidation methionine formulation,0,0,0,0,0,0,0,0,0,0,0,0,0,0,0,1,0,0,0,0,1,0,0,0,0,0,1,1,0,0,0,0,0,0,,1,0
PubMed,36130676,Residue-Specific Impact of EDTA and Methionine on Protein Oxidation in Biotherapeutics Formulations Using an Integrated Biotherapeutics Drug Product Development Workflow.,Journal of pharmaceutical sciences,2023,protein oxidation methionine formulation,0,0,0,0,0,0,0,0,0,1,0,0,0,0,0,1,0,1,0,0,1,0,0,0,0,0,0,1,0,0,0,0,0,0,,1,0
PubMed,19165723,Methionine oxidation in human IgG2 Fc decreases binding affinities to protein A and FcRn.,Protein science : a publication of the Protein Society,2009,protein oxidation methionine formulation,0,0,0,0,0,0,0,0,0,0,0,0,0,0,0,1,0,0,0,0,1,0,0,0,0,0,0,1,0,0,0,0,0,0,,0,0
PubMed,25641333,Modeling the oxidation of methionine residues by peroxides in proteins.,Journal of pharmaceutical sciences,2015,protein oxidation methionine formulation,0,0,0,0,0,0,0,0,0,0,0,0,0,0,0,1,0,0,0,0,1,0,0,0,0,0,0,0,0,0,0,0,0,0,,1,1
PubMed,22899501,Analytical protein a chromatography as a quantitative tool for the screening of methionine oxidation in monoclonal antibodies.,Journal of pharmaceutical sciences,2013,protein oxidation methionine formulation,0,0,0,0,0,0,0,0,0,0,0,0,0,0,0,1,0,0,0,0,1,0,0,0,0,0,0,1,0,0,0,0,0,0,,0,1
PubMed,22483985,Residual metals cause variability in methionine oxidation measurements in protein pharmaceuticals using LC-UV/MS peptide mapping.,"Journal of chromatography. B, Analytical technologies in the biomedical and life sciences",2012,protein oxidation methionine formulation,0,0,0,0,0,0,0,0,0,0,0,0,0,0,0,1,0,0,0,0,1,0,0,0,1,0,0,0,0,0,0,0,0,0,,0,0
PubMed,9890522,Betaseron.,Developments in biological standardization,1999,protein oxidation methionine formulation,0,0,0,0,0,0,0,0,0,0,0,0,0,0,0,1,0,0,0,0,1,0,0,0,0,0,0,0,0,0,0,0,0,0,,0,0
PubMed,17480058,Oxidation of methionine residues in recombinant human interleukin-1 receptor antagonist: implications of conformational stability on protein oxidation kinetics.,Biochemistry,2007,protein oxidation methionine formulation,0,0,0,0,0,0,0,0,0,0,0,0,0,0,0,1,0,0,0,0,1,0,0,0,0,0,0,0,0,0,0,0,0,0,,0,1
PubMed,19455640,"Methionine, tryptophan, and histidine oxidation in a model protein, PTH: mechanisms and stabilization.",Journal of pharmaceutical sciences,2010,protein oxidation methionine formulation,1,0,0,0,0,0,0,1,0,0,0,0,0,0,0,1,0,1,0,0,1,0,0,0,0,0,0,1,0,0,0,0,0,0,,1,1
PubMed,26499086,Evaluation of antioxidants in protein formulation against oxidative stress using various biophysical methods.,International journal of biological macromolecules,2016,protein oxidation methionine formulation,0,0,0,0,0,0,0,0,0,0,0,0,0,0,0,1,0,0,1,0,1,0,0,0,0,0,0,0,0,0,0,0,0,0,,1,0
PubMed,31678251,"Unique Impacts of Methionine Oxidation, Tryptophan Oxidation, and Asparagine Deamidation on Antibody Stability and Aggregation.",Journal of pharmaceutical sciences,2021,protein oxidation methionine formulation,0,0,0,0,0,0,0,0,0,0,0,0,0,0,0,1,0,0,0,1,1,1,0,0,0,0,0,1,0,0,0,0,0,0,,1,1
PubMed,26242787,Kinetic Modeling of Methionine Oxidation in Monoclonal Antibodies from Hydrogen Peroxide Spiking Studies.,PDA journal of pharmaceutical science and technology,2018,protein oxidation methionine formulation,0,0,0,0,0,1,1,0,0,0,0,0,0,0,0,1,0,0,0,0,1,0,0,0,0,0,0,1,0,0,0,0,0,0,,0,0
PubMed,9383735,Antioxidants for prevention of methionine oxidation in recombinant monoclonal antibody HER2.,Journal of pharmaceutical sciences,1997,protein oxidation methionine formulation,0,0,0,0,0,0,0,0,0,0,0,0,0,0,0,1,1,0,0,0,1,0,0,0,0,0,1,1,0,0,0,0,0,0,,1,0
PubMed,30389566,Oxidation-Induced Destabilization of Model Antibody-Drug Conjugates.,Journal of pharmaceutical sciences,2020,protein oxidation methionine formulation,0,0,0,0,0,0,0,0,0,1,0,0,0,0,0,1,0,0,0,0,1,0,1,0,1,0,0,1,0,0,0,0,0,0,,1,1
PubMed,18623513,Chemical instability of protein pharmaceuticals: Mechanisms of oxidation and strategies for stabilization.,Biotechnology and bioengineering,2012,protein oxidation methionine formulation,1,0,0,0,0,0,0,0,0,0,0,0,0,0,0,1,0,0,0,0,1,0,0,0,0,0,1,0,0,0,0,0,0,0,,1,1
PubMed,26462145,Suppression of Methionine Oxidation of a Pharmaceutical Antibody Stored in a Polymer-Based Syringe.,Journal of pharmaceutical sciences,2016,protein oxidation methionine formulation,1,0,0,0,0,0,0,0,0,0,0,0,0,0,0,1,0,0,0,0,1,0,0,0,0,0,0,1,0,0,0,0,0,0,,0,0
PubMed,8865322,Oxidation of human insulin-like growth factor I in formulation studies: kinetics of methionine oxidation in aqueous solution and in solid state.,Pharmaceutical research,1997,protein oxidation methionine formulation,0,0,0,0,0,0,0,0,0,0,0,0,0,0,0,1,0,0,0,0,1,0,0,0,0,0,0,0,0,0,1,1,0,0,,0,0
PubMed,15514984,A comprehensive picture of non-site specific oxidation of methionine residues by peroxides in protein pharmaceuticals.,Journal of pharmaceutical sciences,2005,protein oxidation methionine formulation,0,0,0,0,0,0,0,0,0,0,0,0,0,0,0,1,0,0,0,0,1,0,0,0,0,0,0,0,0,0,0,0,0,0,,0,0
PubMed,30280329,Mitigation of Oxidation in Therapeutic Antibody Formulations: a Biochemical Efficacy and Safety Evaluation of N-Acetyl-Tryptophan and L-Methionine.,Pharmaceutical research,2019,protein oxidation methionine formulation,0,0,0,0,0,0,0,0,0,0,0,0,0,0,0,1,0,0,0,0,1,0,0,0,0,0,0,1,0,0,0,0,0,0,,1,0
PubMed,8899837,"Oxidation of human insulin-like growth factor I in formulation studies, II. Effects of oxygen, visible light, and phosphate on methionine oxidation in aqueous solution and evaluation of possible mechanisms.",Pharmaceutical research,1997,protein oxidation methionine formulation,0,0,1,0,0,0,0,0,0,0,0,0,0,0,0,1,0,0,0,0,1,0,0,0,0,0,0,0,0,0,1,1,0,0,,0,0
PubMed,9294820,"Oxidation of human insulin-like growth factor I in formulation studies. 3. Factorial experiments of the effects of ferric ions, EDTA, and visible light on methionine oxidation and covalent aggregation in aqueous solution.",Journal of pharmaceutical sciences,1997,protein oxidation methionine formulation,0,0,1,0,0,0,0,0,0,0,0,0,0,0,0,1,0,1,0,1,1,0,0,0,0,0,0,0,0,0,1,1,0,0,6.1,0,1
PubMed,30861476,Chemical and physical instabilities in manufacturing and storage of therapeutic proteins.,Current opinion in biotechnology,2020,protein oxidation methionine formulation,0,0,0,0,0,0,0,0,0,0,0,0,0,0,0,1,0,0,0,1,1,1,0,0,0,0,0,0,0,0,0,0,0,0,,0,1
PubMed,21249719,Stability of human growth hormone: influence of methionine oxidation on thermal folding.,Journal of pharmaceutical sciences,2011,protein oxidation methionine formulation,0,0,0,0,0,0,0,0,0,0,0,0,0,0,0,1,0,0,0,0,1,0,0,0,0,0,0,0,0,0,0,0,0,0,,1,1
PubMed,15648272,Effects of antioxidants on the hydrogen peroxide-mediated oxidation of methionine residues in granulocyte colony-stimulating factor and human parathyroid hormone fragment 13-34.,Pharmaceutical research,2005,protein oxidation methionine formulation,0,0,0,0,0,0,0,0,0,0,0,0,0,0,0,1,0,0,1,0,1,0,0,0,0,0,0,0,0,0,0,0,0,0,,0,0
PubMed,41308842,A novel histidine-acetate buffer for freeze-dried monoclonal antibody formulations.,European journal of pharmaceutics and biopharmaceutics : official journal of Arbeitsgemeinschaft fur Pharmazeutische Verfahrenstechnik e.V,2025,monoclonal antibody histidine buffer stability,1,0,0,0,0,0,0,0,0,0,0,0,0,0,0,0,0,0,0,1,0,0,0,0,0,1,0,1,0,0,0,0,0,0,6.0,1,0
PubMed,39564766,"""The More, the Better?"": The Impact of Sugar-to-Protein Molar Ratio in Freeze-Dried Monoclonal Antibody Formulations on Protein Stability.",Molecular pharmaceutics,2024,monoclonal antibody histidine buffer stability,1,0,0,0,0,1,0,1,0,0,1,0,1,0,0,0,0,0,0,1,0,0,0,0,0,1,0,1,0,0,0,0,0,0,,1,1
PubMed,20091831,Buffer-dependent fragmentation of a humanized full-length monoclonal antibody.,Journal of pharmaceutical sciences,2010,monoclonal antibody histidine buffer stability,1,0,1,0,0,0,0,0,0,0,0,0,0,0,0,0,0,0,0,0,0,0,0,0,0,0,0,1,0,0,0,0,0,0,,0,1
PubMed,28035628,Effects of Histidine and Sucrose on the Biophysical Properties of a Monoclonal Antibody.,Pharmaceutical research,2018,monoclonal antibody histidine buffer stability,1,0,0,0,0,1,0,0,0,0,0,0,0,0,0,0,0,0,0,0,0,0,0,0,0,0,0,1,0,0,0,0,0,0,,0,0
PubMed,40889691,Implementation of inline Raman spectroscopy for buffer exchange monitoring in monoclonal antibody formulation.,International journal of pharmaceutics,2025,monoclonal antibody histidine buffer stability,1,0,0,0,0,1,0,1,0,0,0,0,0,0,0,0,0,0,0,0,0,0,0,0,0,0,0,1,0,0,0,0,0,0,,1,0
PubMed,31286487,Stereospecific interactions between histidine and monoclonal antibodies.,Biotechnology and bioengineering,2020,monoclonal antibody histidine buffer stability,1,0,0,0,0,0,0,0,0,0,0,0,0,0,0,0,0,0,0,0,0,0,0,0,0,0,0,1,0,0,0,0,0,0,,1,0
PubMed,39279529,Alternative buffer systems in biopharmaceutical formulations and their effect on protein stability.,"Acta pharmaceutica (Zagreb, Croatia)",2024,monoclonal antibody histidine buffer stability,1,0,1,0,0,0,0,0,0,0,0,0,1,0,0,0,0,0,0,1,0,0,0,0,0,0,0,1,0,0,0,0,0,0,,1,1
PubMed,33508437,Photoinduced cross-linking of formulation buffer amino acids to monoclonal antibodies.,European journal of pharmaceutics and biopharmaceutics : official journal of Arbeitsgemeinschaft fur Pharmazeutische Verfahrenstechnik e.V,2021,monoclonal antibody histidine buffer stability,1,0,0,0,0,0,0,0,0,0,0,0,0,0,0,0,0,0,0,0,0,0,0,0,0,0,0,1,0,0,0,0,0,0,,1,1
PubMed,34067269,Assessment of Antibody Stability in a Novel Protein-Free Serum Model.,Pharmaceutics,2021,monoclonal antibody histidine buffer stability,1,0,0,0,0,0,0,0,0,0,0,0,0,0,0,0,0,0,0,1,0,0,0,0,0,0,0,1,0,0,0,0,0,0,,1,1
PubMed,31254660,Advances in liquid formulations of parenteral therapeutic proteins.,Biotechnology advances,2020,monoclonal antibody histidine buffer stability,1,0,0,0,0,1,1,0,0,0,1,0,0,0,0,0,0,0,0,0,0,0,0,1,0,0,1,0,0,0,0,0,0,0,5.7,0,0
PubMed,41163552,Monoclonal antibody formulations: a quantitative analysis of marketed products and patents.,mAbs,2025,monoclonal antibody histidine buffer stability,1,1,1,0,0,1,1,0,0,0,0,0,1,0,0,1,1,0,0,1,0,0,0,0,0,1,0,1,0,0,0,0,0,0,,1,0
PubMed,27042659,Improved Stability of a Model IgG3 by DoE-Based Evaluation of Buffer Formulations.,BioMed research international,2016,monoclonal antibody histidine buffer stability,1,0,0,0,0,0,0,0,0,0,0,0,1,0,0,0,1,0,0,1,0,0,1,0,1,0,0,1,0,0,0,0,0,0,6.5,1,0
PubMed,35946408,Understanding the Stabilizing Effect of Histidine on mAb Aggregation: A Molecular Dynamics Study.,Molecular pharmaceutics,2022,monoclonal antibody histidine buffer stability,1,0,0,0,0,0,0,0,0,0,0,0,0,0,0,0,0,0,0,1,0,0,0,0,0,0,0,1,0,0,0,0,0,0,,1,0
PubMed,37011728,Reformulation and Thermal Stability of a Therapeutic Anti-Cocaine mAb.,Journal of pharmaceutical sciences,2023,monoclonal antibody histidine buffer stability,1,0,0,0,0,1,0,0,0,1,0,0,0,0,0,0,0,0,0,1,0,0,0,0,0,0,0,1,0,0,0,0,0,1,,1,1
PubMed,41344476,Effects of buffer type and pH on biophysical properties and stability of IgG4 monoclonal antibodies: Uncovering dynamic shifts in stability predictors.,International journal of biological macromolecules,2025,monoclonal antibody histidine buffer stability,1,0,0,1,0,0,0,0,0,0,0,0,0,0,0,0,0,0,0,0,0,0,0,0,0,0,0,1,0,0,0,0,0,0,,0,0
PubMed,32084469,Agarose native gel electrophoresis for characterization of antibodies.,International journal of biological macromolecules,2021,monoclonal antibody histidine buffer stability,0,0,0,0,0,0,0,0,0,0,0,0,0,0,0,0,0,0,0,0,0,0,0,0,0,0,0,1,0,0,0,0,0,0,,0,0
PubMed,23296746,Buffer capacity of biologics--from buffer salts to buffering by antibodies.,Biotechnology progress,2013,monoclonal antibody histidine buffer stability,1,0,1,0,1,0,0,0,0,0,0,0,0,0,0,0,0,0,0,0,0,0,0,0,0,0,0,1,0,0,0,0,0,0,5.5,1,0
PubMed,38093578,Difficult-to-express antigen generation through a co-expression and disassociation methodology.,Biotechnology progress,2024,monoclonal antibody histidine buffer stability,1,0,0,0,0,0,0,0,0,0,0,0,1,0,0,0,0,0,0,0,0,0,0,0,0,0,0,1,0,0,0,0,0,1,,1,0
PubMed,36395981,Inhaled IgG1 antibodies: The buffering system is an important driver of stability during mesh-nebulization.,European journal of pharmaceutics and biopharmaceutics : official journal of Arbeitsgemeinschaft fur Pharmazeutische Verfahrenstechnik e.V,2022,monoclonal antibody histidine buffer stability,1,0,0,0,0,0,0,0,0,1,0,0,0,0,0,0,0,0,0,1,0,0,0,0,0,0,1,1,0,0,0,0,0,0,,1,1
PubMed,34482697,Visible Light Degradation of a Monoclonal Antibody in a High-Concentration Formulation: Characterization of a Tryptophan-Derived Chromophoric Photo-product by Comparison to Photo-degradation of N-Acetyl-l-tryptophan Amide.,Molecular pharmaceutics,2022,monoclonal antibody histidine buffer stability,1,0,0,1,0,0,0,0,0,0,0,0,0,0,0,0,0,0,0,0,0,0,0,0,0,0,0,1,0,0,0,0,0,0,,0,1
PubMed,36811761,Development of the Drug Product Formulation of the Bevacizumab Biosimilar PF-06439535 (Bevacizumab-bvzr).,Drugs in R&amp;D,2023,monoclonal antibody histidine buffer stability,0,0,0,0,0,0,0,0,0,0,0,0,0,0,0,0,0,0,0,0,0,0,0,0,0,0,0,1,0,0,0,0,0,0,,0,0
PubMed,20039442,Impact of freezing on pH of buffered solutions and consequences for monoclonal antibody aggregation.,Biotechnology progress,2010,monoclonal antibody histidine buffer stability,1,0,1,1,1,0,1,0,0,0,0,0,0,0,0,0,0,0,0,1,0,0,0,0,0,0,0,1,0,0,0,0,0,0,,1,1
PubMed,16960822,Formulation considerations for proteins susceptible to asparagine deamidation and aspartate isomerization.,Journal of pharmaceutical sciences,2007,protein deamidation asparagine formulation,0,0,0,0,0,0,0,0,0,0,0,0,0,0,0,0,0,0,0,0,0,1,0,0,0,0,0,0,0,0,0,0,0,0,,1,1
PubMed,23568760,"Asparagine deamidation dependence on buffer type, pH, and temperature.",Journal of pharmaceutical sciences,2013,protein deamidation asparagine formulation,0,0,0,0,0,0,0,0,0,0,0,0,0,0,0,0,0,0,0,0,0,1,0,0,1,0,0,1,0,0,0,0,0,0,,0,1
PubMed,36871622,Direct deamidation analysis of intact adeno-associated virus serotype 9 capsid proteins using reversed-phase liquid chromatography.,Analytical biochemistry,2023,protein deamidation asparagine formulation,0,0,0,0,0,0,0,0,0,0,0,0,0,0,0,0,0,0,0,0,0,1,1,0,0,0,0,0,0,0,0,0,0,0,,0,0
PubMed,16618128,Asparagine deamidation: pH-dependent mechanism from density functional theory.,Biochemistry,2006,protein deamidation asparagine formulation,0,0,0,0,0,0,0,0,0,0,0,0,0,0,0,0,0,0,0,0,0,1,0,0,0,0,0,0,0,0,0,0,0,0,,1,0
PubMed,38419510,Streamlined Multi-Attribute Assessment of an Array of Clinical-Stage Antibodies: Relationship Between Degradation and Stability.,Applied spectroscopy,2025,protein deamidation asparagine formulation,0,0,0,0,0,0,0,0,0,0,0,0,0,0,0,0,0,0,0,1,0,1,0,0,0,0,0,1,0,0,0,0,0,0,,1,1
PubMed,24999246,Characterization of asparagine 330 deamidation in an Fc-fragment of IgG1 using cation exchange chromatography and peptide mapping.,"Journal of chromatography. B, Analytical technologies in the biomedical and life sciences",2015,protein deamidation asparagine formulation,0,0,0,1,0,0,0,0,0,0,0,0,0,0,0,0,0,0,0,0,0,1,0,0,0,0,0,1,0,0,0,0,0,0,5.3,0,1
PubMed,35693445,Role of site-directed mutagenesis and adjuvants in the stability and potency of anthrax protective antigen.,Saudi pharmaceutical journal : SPJ : the official publication of the Saudi Pharmaceutical Society,2022,protein deamidation asparagine formulation,0,0,0,0,0,0,0,0,0,0,0,0,0,0,0,0,0,0,0,0,0,1,1,0,0,0,0,0,0,0,0,0,0,1,,1,1
PubMed,28263844,A High-Throughput Bioluminescent Assay to Monitor the Deamidation of Asparagine and Isomerization of Aspartate Residues in Therapeutic Proteins and Antibodies.,Journal of pharmaceutical sciences,2018,protein deamidation asparagine formulation,0,0,0,0,0,0,0,0,0,0,0,0,0,0,0,0,0,0,0,0,0,1,1,0,0,0,0,1,0,0,0,0,0,0,,0,1
PubMed,30228030,Improving the stability of recombinant anthrax protective antigen vaccine.,Vaccine,2019,protein deamidation asparagine formulation,0,0,0,0,0,0,0,0,0,0,0,0,0,0,0,0,0,0,0,0,0,1,0,0,0,0,0,0,0,0,0,0,0,1,,1,0
PubMed,28787231,Biosimilarity under stress: A forced degradation study of Remicade&#xae; and Remsima&#x2122;.,mAbs,2018,protein deamidation asparagine formulation,0,0,0,0,0,0,0,0,0,0,0,0,0,0,0,0,0,0,0,1,0,1,0,0,0,1,0,1,0,0,0,0,0,0,,0,1
PubMed,22972416,Stable liquid glucagon formulations for rescue treatment and bi-hormonal closed-loop pancreas.,Current diabetes reports,2013,protein deamidation asparagine formulation,0,0,0,0,0,0,0,0,0,0,0,0,0,0,0,0,0,0,0,1,0,1,1,0,0,0,0,0,0,0,0,0,0,0,,1,1
PubMed,22009587,Characterization of recombinant human IL-15 deamidation and its practical elimination through substitution of asparagine 77.,Pharmaceutical research,2012,protein deamidation asparagine formulation,0,0,0,0,0,0,0,0,0,0,0,0,0,0,0,0,0,0,0,0,0,1,0,0,0,0,0,0,0,0,0,0,0,0,,1,0
PubMed,15732928,In vivo deamidation characterization of monoclonal antibody by LC/MS/MS.,Analytical chemistry,2007,protein deamidation asparagine formulation,0,0,0,0,0,0,0,0,0,0,0,0,0,0,0,0,0,0,0,0,0,1,1,0,0,0,0,1,0,0,0,0,0,1,,0,0
PubMed,30916563,Deamidation Can Compromise Antibody Colloidal Stability and Enhance Aggregation in a pH-Dependent Manner.,Molecular pharmaceutics,2020,protein deamidation asparagine formulation,0,0,0,0,0,0,0,0,0,0,0,0,0,0,0,0,0,0,0,1,0,1,0,0,0,0,0,1,0,0,0,0,0,0,5.6,1,1
PubMed,16159134,Identification and characterization of deamidation sites in the conserved regions of human immunoglobulin gamma antibodies.,Analytical chemistry,2007,protein deamidation asparagine formulation,0,0,0,0,0,0,0,0,0,0,0,0,0,0,0,0,0,0,0,0,0,1,0,0,0,0,0,1,0,0,0,0,0,0,7.5,1,1
PubMed,39979532,In vitro Stability Study of a Panel of Commercial Antibodies at Physiological pH and Temperature as a Guide to Screen Biologic Candidate Molecules for the Potential Risk of In vivo Asparagine Deamidation and Activity Loss.,Pharmaceutical research,2025,protein deamidation asparagine formulation,0,0,0,0,0,0,0,0,0,0,0,0,0,0,0,0,0,0,0,0,0,1,0,0,1,0,0,0,0,0,0,0,0,0,7.4,0,1
PubMed,15986465,Effects of sucrose and mannitol on asparagine deamidation rates of model peptides in solution and in the solid state.,Journal of pharmaceutical sciences,2006,protein deamidation asparagine formulation,0,0,0,0,0,1,0,1,0,0,0,0,0,0,0,0,0,0,0,0,0,1,0,0,0,1,0,0,0,0,0,0,0,0,7.0,1,1
PubMed,32614657,Two approaches for the stabilization of Bacillus anthracis recombinant protective antigen.,Human vaccines &amp; immunotherapeutics,2021,protein deamidation asparagine formulation,0,0,0,0,0,0,0,0,0,0,0,0,0,0,0,0,0,0,0,1,0,1,0,0,0,0,0,0,0,0,0,0,0,1,,1,1
PubMed,37399702,Post-translational modifications comparative identification and kinetic study of infliximab innovator and biosimilars in serum using capillary electrophoresis-tandem mass spectrometry.,Journal of pharmaceutical and biomedical analysis,2023,protein deamidation asparagine formulation,0,0,0,0,0,0,0,0,0,0,0,0,0,0,0,0,0,0,0,0,0,1,1,0,0,0,0,1,0,0,0,0,0,1,,0,0
PubMed,30526254,Deamidation and isomerization liability analysis of 131 clinical-stage antibodies.,mAbs,2019,protein deamidation asparagine formulation,0,0,0,0,0,0,0,0,0,0,0,0,0,0,0,0,0,0,0,0,0,1,0,0,0,0,1,1,0,0,0,0,0,0,,1,0
PubMed,19608432,Human antibody Fc deamidation in vivo.,Biologicals : journal of the International Association of Biological Standardization,2010,protein deamidation asparagine formulation,0,0,0,0,0,0,0,0,0,0,0,0,0,0,0,0,0,0,0,0,0,1,0,0,0,0,0,1,0,0,0,0,0,0,,0,1
PubMed,33687195,Multiattribute Monitoring of Antibody Charge Variants by Cation-Exchange Chromatography Coupled to Native Mass Spectrometry.,Journal of the American Society for Mass Spectrometry,2022,protein deamidation asparagine formulation,0,0,0,0,0,0,0,0,0,0,0,0,0,0,0,0,0,0,0,0,0,1,1,0,0,0,0,1,1,0,0,0,0,0,,0,1
PubMed,22006203,Kinetics and mechanisms of deamidation and covalent amide-linked adduct formation in amorphous lyophiles of a model asparagine-containing Peptide.,Pharmaceutical research,2013,protein deamidation asparagine formulation,0,0,0,0,0,0,0,0,0,0,0,0,0,0,0,0,0,0,0,0,0,1,0,0,0,0,0,0,0,0,0,0,0,0,,0,0
